first_name,last_name,email,gender,income
Urbanus,Buttress,ubuttressh1@ted.com,Male,5815.68
Wesley,McTeague,wmcteagueh2@eventbrite.com,Male,3203.44
Jdavie,Bleakley,jbleakleyh3@japanpost.jp,Male,4238.32
Andrej,Bridywater,abridywaterh4@hhs.gov,Male,3757.71
Holly,Laity,hlaityh5@boston.com,Female,4502.45
Elbertine,,esawfordh6@hao123.com,Female,3508.25
Elnora,Lerhinan,elerhinanh7@prlog.org,Female,5041.75
Bondie,Hughlin,bhughlinh8@unesco.org,Male,
Corny,De Avenell,cdeavenellh9@noaa.gov,Male,4835.63
Leta,Gregoretti,lgregorettiha@wunderground.com,Female,3650.39
Yves,Leaf,,Male,5178.21
Man,Pettifer,mpettiferhc@prweb.com,Male,4279.83
Lauretta,Demsey,ldemseyhd@symantec.com,Female,6881.37
Carmencita,Geare,cgearehe@sphinn.com,Female,4924.76
Jedediah,Larway,jlarwayhf@ibm.com,Male,4800.17
Elden,Kewley,ekewleyhg@berkeley.edu,Male,
Hamlen,Simonou,hsimonouhh@hhs.gov,Male,5840.87
Rex,Anglin,ranglinhi@utexas.edu,Male,
Nonie,Symondson,nsymondsonhj@deviantart.com,Female,5487.37
Alon,Adamo,,Male,5542.11
Jethro,Broomhead,jbroomheadhl@ucsd.edu,Male,6900.95
Letti,Cromarty,lcromartyhm@sphinn.com,Female,3331.64
Erminie,Hirjak,,Female,6685.60
Kipp,Anders,kandersho@miitbeian.gov.cn,Female,6526.42
Joanie,Moorcraft,jmoorcrafthp@reverbnation.com,Female,4259.96
Stanley,Humphries,shumphrieshq@de.vu,Male,5375.17
Aldin,Corrigan,acorriganhr@istockphoto.com,Male,5285.79
Freddi,Moens,fmoenshs@sfgate.com,Female,3443.88
Lilah,Westoff,lwestoffht@privacy.gov.au,Female,5281.98
Dora,Ruvel,druvelhu@google.ca,Female,6287.44
Tremain,Scola,tscolahv@forbes.com,Male,6712.74
Frederigo,Varren,fvarrenhw@cam.ac.uk,Male,5322.97
Trudie,,tcawseyhx@dailymail.co.uk,Female,4799.39
Trudie,Hinsche,thinschehy@squidoo.com,Female,3104.72
Valentina,Keable,vkeablehz@t-online.de,Female,
Will,Alsobrook,walsobrooki0@wordpress.com,Male,5505.27
Kerianne,Ollerhad,kollerhadi1@tinypic.com,Female,
Nora,Djorvic,ndjorvici2@php.net,Female,3662.76
Petunia,Shatliff,pshatliffi3@godaddy.com,Female,3351.21
Laurie,Durrance,ldurrancei4@mac.com,Male,3263.51
Vevay,Weedenburg,vweedenburgi5@hatena.ne.jp,Female,3949.73
Otis,McGiff,,Male,4040.04
Sayres,McWilliams,smcwilliamsi7@state.gov,Male,5340.38
Blanca,,bmclemani8@homestead.com,Female,5269.22
Elvira,Tsar,etsari9@nasa.gov,Female,4941.14
Raleigh,Grellier,rgrellieria@nsw.gov.au,Male,3284.36
Alisa,Folger,afolgerib@bravesites.com,Female,3468.29
Emile,Overshott,eovershottic@umn.edu,Male,3376.26
Liam,Halgarth,lhalgarthid@amazon.co.uk,Male,4103.29
Dorita,McMeekin,dmcmeekinie@etsy.com,Female,4443.04
Shea,Riehm,sriehmif@fda.gov,Female,3927.66
Jefferey,Scarlin,jscarlinig@sakura.ne.jp,Male,3828.15
Lou,Tyson,ltysonih@yellowpages.com,Male,6771.29
Jessee,Bowdon,jbowdonii@seattletimes.com,Male,3498.43
Osmond,Cosgrive,ocosgriveij@deliciousdays.com,Male,6342.10
Beverlie,Shropshire,bshropshireik@cnet.com,Female,4424.64
Mavra,Stuehmeyer,mstuehmeyeril@wordpress.org,Female,6076.68
Gabriellia,Foro,gforoim@prlog.org,Female,5634.74
Erica,Orwell,eorwellin@weibo.com,Female,6765.51
Kip,Jeaffreson,kjeaffresonio@example.com,Male,3559.58
Trevor,Butt Gow,tbuttgowip@stanford.edu,Male,4556.88
Kimberlee,Tiddy,ktiddyiq@springer.com,Female,5297.19
Bengt,Gross,bgrossir@blogs.com,Male,3909.35
Alvan,Gridon,agridonis@lycos.com,Male,3363.78
Honey,,hblindtit@1und1.de,Female,6454.91
Billie,Gahan,bgahaniu@pagesperso-orange.fr,Female,5677.38
Tiffy,Wilacot,,Female,5338.53
Darnall,Santora,dsantoraiw@soundcloud.com,Male,6435.61
Erinna,Grigolli,egrigolliix@blogspot.com,Female,4203.66
Axel,Beevens,abeevensiy@hibu.com,Male,4927.06
Reid,Keson,rkesoniz@ustream.tv,Male,3841.39
Gwendolen,Nend,gnendj0@ehow.com,Female,4791.93
Shalna,Alvey,salveyj1@illinois.edu,Female,6259.22
Reade,Mariyushkin,rmariyushkinj2@clickbank.net,Male,4035.00
Eustace,Lichtfoth,elichtfothj3@behance.net,Male,
Mitchel,Fley,mfleyj4@comcast.net,Male,3901.57
Constantine,Lindborg,clindborgj5@nature.com,Male,6819.93
Daniella,Papis,dpapisj6@symantec.com,Female,3779.87
Klaus,Dummer,kdummerj7@epa.gov,Male,
Martino,Budgey,mbudgeyj8@hexun.com,Male,5328.80
Austine,Chisolm,achisolmj9@java.com,Female,3333.66
Chico,McKeggie,cmckeggieja@bigcartel.com,Male,3833.29
Damien,Clarage,dclaragejb@yahoo.com,Male,4509.76
Jackie,Katte,jkattejc@google.de,Male,6660.01
Delores,Ramalho,dramalhojd@weebly.com,Female,5917.81
Antonia,Terrington,aterringtonje@statcounter.com,Female,6728.61
Lamond,Cargen,lcargenjf@mozilla.com,Male,4558.25
Tomkin,Amott,tamottjg@bbb.org,Male,6301.90
Lion,Cristoforo,lcristoforojh@sogou.com,Male,5648.22
Lanette,Matijasevic,lmatijasevicji@cargocollective.com,Female,6761.91
Roze,Linnard,rlinnardjj@de.vu,Female,4535.85
Farra,Woodberry,fwoodberryjk@amazonaws.com,Female,3819.97
Erna,Readwing,ereadwingjl@chicagotribune.com,Female,4974.67
Sukey,King,skingjm@ycombinator.com,Female,5829.21
Alva,Bodham,abodhamjn@jiathis.com,Male,4515.33
Millisent,McConaghy,mmcconaghyjo@redcross.org,Female,3847.01
Marga,Blackshaw,mblackshawjp@walmart.com,Female,6983.09
Myrtle,Liggens,mliggensjq@cornell.edu,Female,5511.64
Cora,Bussey,cbusseyjr@samsung.com,Female,4026.13
Lianne,Bariball,lbariballjs@gnu.org,Female,
Kean,Jahndel,kjahndeljt@dropbox.com,Male,5028.57
Geordie,Crew,gcrewju@github.com,Male,
Jazmin,Hessle,jhesslejv@cornell.edu,Female,3623.83
Brew,Wilbore,bwilborejw@va.gov,Male,3097.51
Carine,Fiddiman,cfiddimanjx@google.com,Female,4919.29
Winni,Lavens,wlavensjy@123-reg.co.uk,Female,4706.07
Peta,Faunt,pfauntjz@elpais.com,Female,6002.37
Renaud,Januszewicz,rjanuszewiczk0@acquirethisname.com,Male,4257.87
Cissiee,Dane,cdanek1@cocolog-nifty.com,Female,
Carleton,Keeley,ckeeleyk2@chicagotribune.com,Male,4227.51
Allissa,Brahams,abrahamsk3@twitpic.com,Female,3207.74
Monte,Ledgley,mledgleyk4@weibo.com,Male,6277.69
Odelle,McCadden,omccaddenk5@dion.ne.jp,Female,5512.68
Laurens,Batterham,lbatterhamk6@example.com,Male,4222.82
Raff,Holywell,rholywellk7@theatlantic.com,Male,3857.94
Kirsti,Noden,knodenk8@google.co.uk,Female,5347.16
Alvy,Wookey,awookeyk9@gov.uk,Male,4723.14
Georgena,Caneo,gcaneoka@icio.us,Female,4998.45
Bevan,Karpmann,bkarpmannkb@surveymonkey.com,Male,4304.71
Jule,Beamand,jbeamandkc@dailymotion.com,Male,5351.89
Patsy,Covet,pcovetkd@sakura.ne.jp,Male,5860.38
Eldon,Remington,eremingtonke@nps.gov,Male,6574.01
Jenilee,Marchant,jmarchantkf@multiply.com,Female,6138.13
Sherlocke,,sgunnkg@census.gov,Male,6936.08
Marnie,Harmston,mharmstonkh@ovh.net,Female,
Issie,Coultous,icoultouski@webeden.co.uk,Female,3038.96
Rees,Beddoe,rbeddoekj@pbs.org,Male,6255.21
Meriel,Boxhall,mboxhallkk@163.com,Female,3678.03
Rae,Boyes,,Female,3385.15
Kettie,Babidge,kbabidgekm@blogs.com,Female,4466.39
Laurent,Sharrard,lsharrardkn@odnoklassniki.ru,Male,3187.74
Hector,Romanelli,hromanelliko@eepurl.com,Male,5579.44
Germaine,Sedgemond,gsedgemondkp@youku.com,Female,3759.37
Dicky,Innott,dinnottkq@usatoday.com,Male,4741.69
Carolee,Barock,cbarockkr@simplemachines.org,Female,5421.95
Brynna,Koubu,bkoubuks@weebly.com,Female,6242.56
Gerhardine,Spears,gspearskt@mayoclinic.com,Female,4429.07
Kessia,Gunny,kgunnyku@ning.com,Female,3272.68
Allene,Goodison,agoodisonkv@amazonaws.com,Female,6681.35
Janaya,Tollfree,jtollfreekw@pagesperso-orange.fr,Female,3183.23
Phyllys,Cannings,pcanningskx@ameblo.jp,Female,4063.65
Tremain,Mattedi,tmattediky@salon.com,Male,6892.18
Tomlin,O'Fearguise,tofearguisekz@istockphoto.com,Male,5478.88
Bradly,Sterte,bstertel0@mozilla.org,Male,3461.43
Kristyn,,kduffriel1@google.co.jp,Female,6641.62
Doloritas,Briscoe,dbriscoel2@nytimes.com,Female,5648.64
Gabriel,Titterell,gtitterelll3@wired.com,Female,4478.99
Heriberto,Tappington,htappingtonl4@tuttocitta.it,Male,3621.45
Lisetta,Readie,lreadiel5@admin.ch,Female,4365.78
Agretha,Wasiel,awasiell6@noaa.gov,Female,
Mariska,Piche,mpichel7@so-net.ne.jp,Female,3184.55
Idell,Bickerton,ibickertonl8@behance.net,Female,3690.92
Lesya,Landes,llandesl9@ezinearticles.com,Female,6520.12
Bobina,Bulfoot,bbulfootla@hp.com,Female,6299.58
Marina,Lempertz,mlempertzlb@cmu.edu,Female,3088.18
Giff,Donisthorpe,gdonisthorpelc@com.com,Male,5324.73
Haley,Nalder,hnalderld@1688.com,Male,6276.86
Batsheva,Kayser,bkayserle@cbslocal.com,Female,6234.27
Salomon,Danilchenko,sdanilchenkolf@twitter.com,Male,5520.95
Aryn,Udell,audelllg@va.gov,Female,4809.05
Adella,Kidby,akidbylh@xing.com,Female,4102.87
Freemon,Ruvel,fruvelli@economist.com,Male,5589.72
Blinni,Shimon,bshimonlj@g.co,Female,6144.97
Tybalt,Hawton,thawtonlk@nhs.uk,Male,5542.81
Georgina,Hunn,ghunnll@theatlantic.com,Female,
Adorne,Dakers,adakerslm@macromedia.com,Female,5669.11
Livvie,Dalyiel,ldalyielln@instagram.com,Female,4328.85
Randy,Grimster,rgrimsterlo@mapy.cz,Male,4125.99
Tandy,Tremoille,ttremoillelp@altervista.org,Female,3910.18
Letitia,Geraldo,lgeraldolq@altervista.org,Female,6323.28
Keith,Huckstepp,khuckstepplr@about.com,Male,4202.42
Starr,Squire,ssquirels@cloudflare.com,Female,5931.88
Chantalle,Hesbrook,chesbrooklt@sfgate.com,Female,5226.13
Silva,Commusso,scommussolu@java.com,Female,3088.26
Pierrette,Allwood,pallwoodlv@army.mil,Female,5050.18
Nola,Tranfield,ntranfieldlw@mlb.com,Female,4624.52
Rana,Carnoghan,rcarnoghanlx@dailymotion.com,Female,
Shell,Alelsandrovich,salelsandrovichly@tripod.com,Male,6407.31
Elga,Boutellier,,Female,5990.78
Nicol,Jemmison,njemmisonm0@yellowpages.com,Female,6344.70
Sawyere,Purselow,spurselowm1@uol.com.br,Male,3241.66
Archie,Lamprey,alampreym2@newyorker.com,Male,4970.53
Serene,Clopton,scloptonm3@prweb.com,Female,4395.98
Arron,Unwins,aunwinsm4@hugedomains.com,Male,6826.05
Brantley,Lokier,blokierm5@homestead.com,Male,4171.93
Ramsey,Tallet,rtalletm6@soup.io,Male,4776.04
Muffin,Izatson,mizatsonm7@rakuten.co.jp,Male,6956.06
Emmie,Sherrum,esherrumm8@hp.com,Female,5852.68
Deana,Blanche,dblanchem9@skyrock.com,Female,3220.89
Briney,Hause,bhausema@posterous.com,Female,5788.63
Goldi,Feasley,gfeasleymb@theglobeandmail.com,Female,5846.12
Betsey,Assad,bassadmc@toplist.cz,Female,3885.63
Dwayne,Brittles,dbrittlesmd@tamu.edu,Male,6286.69
Trudie,Blodgetts,tblodgettsme@youku.com,Female,3428.66
Daron,Machent,dmachentmf@jigsy.com,Female,3308.42
Jules,Dittson,jdittsonmg@diigo.com,Male,4670.63
Willem,Chishull,wchishullmh@netlog.com,Male,5220.27
Carlina,Hixson,chixsonmi@marketwatch.com,Female,3222.02
Gwen,Sproat,gsproatmj@nydailynews.com,Female,
Lulu,,lmarzellimk@yale.edu,Female,4644.27
Ida,Mattioni,imattioniml@over-blog.com,Female,3531.74
Zaccaria,Wisden,zwisdenmm@reuters.com,Male,
Camey,Lasseter,classetermn@columbia.edu,Male,3495.30
Jock,Mapson,jmapsonmo@blog.com,Male,4906.12
Diannne,Siddle,dsiddlemp@ibm.com,Female,
Lizette,Owthwaite,lowthwaitemq@nifty.com,Female,5451.48
Van,Kelcey,vkelceymr@prlog.org,Male,4448.49
Garek,Tomsu,gtomsums@sina.com.cn,Male,6729.61
Kim,Clapson,kclapsonmt@businesswire.com,Female,5613.17
Sherwood,Zwicker,szwickermu@shareasale.com,Male,4259.50
Pietrek,Schimke,pschimkemv@gravatar.com,Male,6618.09
Di,Fairhurst,dfairhurstmw@yahoo.com,Female,5905.67
Marysa,Wyeld,mwyeldmx@live.com,Female,5041.58
Darby,Fost,dfostmy@go.com,Male,4486.94
Cathy,Clemerson,cclemersonmz@epa.gov,Female,4216.42
Daffi,Bailey,dbaileyn0@google.pl,Female,5328.63
Vita,Brydone,vbrydonen1@liveinternet.ru,Female,6632.83
Karalee,Neubigin,kneubiginn2@paypal.com,Female,6906.97
Bentlee,Sakins,bsakinsn3@shutterfly.com,Male,
Joshua,Macbane,jmacbanen4@nih.gov,Male,6421.79
Rosalyn,Aristide,raristiden5@nationalgeographic.com,Female,6987.05
Dianne,Field,dfieldn6@google.it,Female,4390.40
Kalli,Fredi,kfredin7@123-reg.co.uk,Female,4048.63
Lissy,Grogona,lgrogonan8@flickr.com,Female,5383.23
Denver,Scutcheon,dscutcheonn9@macromedia.com,Male,6339.81
Rozalin,Roke,rrokena@feedburner.com,Female,6632.35
Thaddus,Cockman,tcockmannb@tuttocitta.it,Male,5771.59
Sigismond,McIver,smcivernc@elpais.com,Male,5348.02
Jayson,Stapford,jstapfordnd@jimdo.com,Male,3746.32
Ronnie,Laughlan,rlaughlanne@goo.ne.jp,Female,6718.67
Borden,McAusland,bmcauslandnf@deviantart.com,Male,5035.01
Edouard,Janatka,ejanatkang@mayoclinic.com,Male,3601.55
Lucita,Meadmore,lmeadmorenh@w3.org,Female,
Hallie,Izkovitch,hizkovitchni@rambler.ru,Female,6301.35
Donalt,De Bellis,ddebellisnj@addtoany.com,Male,3509.56
Sunshine,Halleday,shalledaynk@facebook.com,Female,6799.86
Lanae,Pape,lpapenl@techcrunch.com,Female,3329.33
Charline,Ferenc,cferencnm@privacy.gov.au,Female,5209.18
Taryn,Chopping,tchoppingnn@tuttocitta.it,Female,
Adrianne,Burrass,aburrassno@netscape.com,Female,3346.28
Clerc,Notton,cnottonnp@yale.edu,Male,3105.65
Jamie,Grenfell,jgrenfellnq@google.pl,Female,4848.10
Kathrine,Stoakes,kstoakesnr@icq.com,Female,3486.21
Jakob,Cursey,jcurseyns@house.gov,Male,6374.97
Adrianna,Penelli,apenellint@free.fr,Female,6556.20
Sheffy,Riedel,sriedelnu@spotify.com,Male,5598.25
Floria,Sinyard,fsinyardnv@sogou.com,Female,5444.74
Clerc,Dowsey,cdowseynw@icio.us,Male,3175.33
Barr,Birtonshaw,bbirtonshawnx@unc.edu,Male,
Sandra,Urian,surianny@pcworld.com,Female,6258.02
Odetta,Luton,olutonnz@eepurl.com,Female,5102.16
Lazarus,Pottell,lpottello0@mozilla.org,Male,6616.02
Putnem,Abbis,pabbiso1@wikispaces.com,Male,5998.75
Nike,Afield,nafieldo2@bloglovin.com,Female,4450.35
Benn,Itzcovich,bitzcovicho3@usatoday.com,Male,4997.99
Belle,Wilsee,bwilseeo4@thetimes.co.uk,Female,3355.93
Faber,Rodda,froddao5@typepad.com,Male,6334.98
Conny,Kalberer,ckalberero6@t.co,Female,3391.19
Maxie,Gergler,mgerglero7@elpais.com,Male,6768.63
Cornall,Meneghi,cmeneghio8@prlog.org,Male,3806.79
Talya,Skipworth,tskipwortho9@comcast.net,Female,4502.63
Skell,Nelhams,snelhamsoa@google.nl,Male,3850.11
Brooke,Renzo,brenzoob@themeforest.net,Female,3197.72
Julita,Donaldson,jdonaldsonoc@thetimes.co.uk,Female,
Gisela,Townsend,gtownsendod@cornell.edu,Female,6448.45
Todd,McGrae,tmcgraeoe@soundcloud.com,Male,
Alvan,Ham,ahamof@cornell.edu,Male,4296.38
Hurley,Sankey,hsankeyog@cbsnews.com,Male,6613.29
Gwendolin,Billin,gbillinoh@usgs.gov,Female,6589.54
Jami,Billing,jbillingoi@prnewswire.com,Female,5589.70
Sarette,Rannald,srannaldoj@example.com,Female,6420.69
Lock,Melsome,lmelsomeok@php.net,Male,
Lexie,Asman,lasmanol@photobucket.com,Female,3079.35
Bobby,Hawkey,bhawkeyom@cisco.com,Female,3012.31
Giselbert,,ggurneron@mtv.com,Male,6391.78
Pauline,Delacourt,pdelacourtoo@php.net,Female,6613.93
Reggi,Larman,rlarmanop@shareasale.com,Female,5142.01
Scarlet,Puddephatt,spuddephattoq@vkontakte.ru,Female,6340.43
Peterus,Allgood,pallgoodor@dailymail.co.uk,Male,3227.09
Suzann,Damato,sdamatoos@yolasite.com,Female,4673.35
Elsinore,Moorfield,emoorfieldot@mapy.cz,Female,3521.76
Kathe,Ripping,krippingou@liveinternet.ru,Female,4774.71
Maurise,Gillow,mgillowov@feedburner.com,Male,4931.00
Nola,Scamadine,nscamadineow@nature.com,Female,6253.84
Tiphani,Lumby,tlumbyox@addtoany.com,Female,4878.15
Frankie,,fcapstakeoy@amazon.co.jp,Female,4296.19
Max,Serris,mserrisoz@hao123.com,Male,5964.49
Charlean,Balnave,cbalnavep0@webeden.co.uk,Female,5718.55
Edgar,Grigoriev,egrigorievp1@stumbleupon.com,Male,3018.04
Trisha,Alldridge,talldridgep2@plala.or.jp,Female,3536.83
Fremont,Brookes,fbrookesp3@blogtalkradio.com,Male,
Rosabella,Mokes,rmokesp4@psu.edu,Female,5193.82
Ely,Wightman,ewightmanp5@privacy.gov.au,Male,5801.88
King,Creavan,kcreavanp6@meetup.com,Male,3948.70
Galen,Duffus,gduffusp7@smugmug.com,Male,6918.95
Dacia,Miell,dmiellp8@imdb.com,Female,5267.50
Nichole,Daviot,ndaviotp9@parallels.com,Female,4931.29
Justin,Loines,jloinespa@pinterest.com,Male,6221.44
Ira,Hegden,ihegdenpb@amazon.de,Male,4801.57
Pris,Calderhead,pcalderheadpc@constantcontact.com,Female,
Fifine,Shewery,fshewerypd@facebook.com,Female,4370.91
Lexie,McAndrew,lmcandrewpe@state.gov,Female,6268.68
Sioux,Catterell,scatterellpf@geocities.jp,Female,6444.67
Gradeigh,Wayt,gwaytpg@slate.com,Male,
Sol,McKomb,smckombph@harvard.edu,Male,3508.18
Rhiamon,Oswick,roswickpi@trellian.com,Female,
Remy,Balloch,rballochpj@reddit.com,Female,4187.87
Gayler,Lorkin,,Male,3453.43
Chester,Jinks,cjinkspl@gizmodo.com,Male,3696.37
Earle,,ecottinghampm@parallels.com,Male,6116.57
Janna,McBeath,jmcbeathpn@furl.net,Female,6484.42
Vaughn,Sutty,vsuttypo@vk.com,Male,3350.85
Siouxie,Claibourn,sclaibournpp@prweb.com,Female,5390.42
Tani,Jamison,,Female,
Brandy,Bonder,bbonderpr@cnet.com,Female,5261.62
Roby,Ibbeson,ribbesonps@thetimes.co.uk,Female,6768.68
Kettie,Lawden,,Female,3807.04
Eugenius,Ragate,eragatepu@xing.com,Male,
Janel,Mallaby,jmallabypv@wiley.com,Female,4905.04
Sheilah,Purcell,spurcellpw@nba.com,Female,6030.91
Lin,Templar,ltemplarpx@illinois.edu,Male,3496.88
Shamus,Simnett,ssimnettpy@addthis.com,Male,5484.90
Josselyn,Berryann,jberryannpz@ezinearticles.com,Female,6968.53
Sandy,Gomar,sgomarq0@pcworld.com,Female,6427.30
Stanton,,sgoomsq1@hao123.com,Male,4070.58
Mikkel,Darracott,mdarracottq2@patch.com,Male,4974.13
Gerta,Whymark,gwhymarkq3@shutterfly.com,Female,4445.75
Evan,Pinniger,epinnigerq4@indiegogo.com,Male,3461.14
Scarlett,Dunabie,sdunabieq5@mayoclinic.com,Female,6101.92
Lise,Meldon,lmeldonq6@altervista.org,Female,4742.75
Milty,Ramelet,mrameletq7@netvibes.com,Male,3710.37
Sumner,Ivey,siveyq8@wordpress.com,Male,6123.44
Danice,Balle,dballeq9@yolasite.com,Female,
Kamila,Blennerhassett,kblennerhassettqa@sohu.com,Female,3734.06
Laurel,Meryett,lmeryettqb@eepurl.com,Female,6218.46
Susanne,Ormerod,sormerodqc@technorati.com,Female,3389.44
Bernie,Aaronson,baaronsonqd@cocolog-nifty.com,Female,4294.75
Agneta,Gundrey,agundreyqe@alexa.com,Female,4974.47
Emmye,Sykes,esykesqf@google.co.jp,Female,5196.14
Drud,Redrup,dredrupqg@google.fr,Male,5831.79
Travus,Tallis,ttallisqh@twitpic.com,Male,6212.38
Zedekiah,Mathonnet,zmathonnetqi@ft.com,Male,4750.47
Giordano,Deabill,gdeabillqj@merriam-webster.com,Male,3502.40
Duff,Chanter,dchanterqk@princeton.edu,Male,6928.37
Ezri,Pietruszewicz,,Male,
Ruy,Ruppelin,rruppelinqm@last.fm,Male,4700.53
Amitie,Bramble,,Female,4587.49
Currie,Choudhury,cchoudhuryqo@gizmodo.com,Male,3412.64
Gerrie,Crusham,gcrushamqp@unesco.org,Female,6763.82
Guinna,Crayton,gcraytonqq@is.gd,Female,5906.33
Brandais,Peracco,bperaccoqr@unesco.org,Female,5683.02
Elva,Perham,eperhamqs@comsenz.com,Female,3507.57
Silas,Spykings,sspykingsqt@flavors.me,Male,3814.77
Sarine,Baert,sbaertqu@arizona.edu,Female,3555.27
Rockey,Henrion,rhenrionqv@wsj.com,Male,4086.72
Gabriellia,Kiellor,gkiellorqw@army.mil,Female,4350.16
Theresina,Le Franc,tlefrancqx@umn.edu,Female,4323.21
Bryant,MacTerlagh,bmacterlaghqy@ustream.tv,Male,4333.87
Molli,Willans,,Female,6112.20
Merrilee,Stainland,mstainlandr0@walmart.com,Female,6294.60
Jobyna,Burrett,jburrettr1@google.it,Female,6488.05
Coleen,Scoterbosh,,Female,5863.83
Udale,Jacobssen,,Male,4081.20
Dyna,Starkie,dstarkier4@mozilla.com,Female,5047.22
Ramsay,Snuggs,rsnuggsr5@wikispaces.com,Male,
Erich,Jardein,ejardeinr6@symantec.com,Male,3525.88
Matilda,Ossipenko,mossipenkor7@scribd.com,Female,3023.72
Arda,Clymer,aclymerr8@slideshare.net,Female,3430.71
Tobin,Rohlf,trohlfr9@biglobe.ne.jp,Male,3663.69
Konstantin,Hiley,khileyra@virginia.edu,Male,5732.10
Feodora,Skipsey,fskipseyrb@csmonitor.com,Female,5501.27
Flin,Gowdie,fgowdierc@squarespace.com,Male,3462.48
Duane,Childerhouse,dchilderhouserd@freewebs.com,Male,5327.44
Donn,Stuttman,dstuttmanre@dmoz.org,Male,3042.83
Lee,,lbradlaughrf@uiuc.edu,Male,6142.07
Marshal,McLarens,mmclarensrg@berkeley.edu,Male,4082.89
Trescha,Snookes,tsnookesrh@gmpg.org,Female,5752.16
Sib,Gruby,sgrubyri@unicef.org,Female,3967.10
Frans,Renfield,frenfieldrj@usa.gov,Male,5949.71
Modesta,Willacot,mwillacotrk@google.pl,Female,5117.22
Laverna,Sibson,lsibsonrl@census.gov,Female,6357.51
Birch,Battista,bbattistarm@nyu.edu,Male,4434.87
Any,Cristofol,acristofolrn@zimbio.com,Male,6982.26
Sheffy,Gaffon,sgaffonro@nydailynews.com,Male,6147.98
Iosep,Alyutin,ialyutinrp@adobe.com,Male,5375.52
Thornton,Mattes,tmattesrq@zdnet.com,Male,4837.79
Armand,Veness,avenessrr@stumbleupon.com,Male,4821.98