first_name,last_name,email,gender,income
Uriel,Teenan,uteenan0@oaic.gov.au,Male,
Sinclair,Blesli,sblesli1@ft.com,Male,4081.18
Lloyd,Muxworthy,lmuxworthy2@vinaora.com,Male,
Millisent,Wickliffe,mwickliffe3@last.fm,Female,
Nolan,Sperring,nsperring4@tiny.cc,Male,5758.70
Evaleen,Hawksley,ehawksley5@twitpic.com,Female,6151.48
Evan,Adriano,eadriano6@flavors.me,Male,4086.18
Em,Eyes,eeyes7@devhub.com,Male,6055.89
Doralin,Lorait,dlorait8@cnbc.com,Female,4553.77
Shelley,Sheringham,ssheringham9@paypal.com,Male,3808.62
Minnaminnie,Simonsen,msimonsena@phpbb.com,Female,3157.89
Gerri,Rivard,grivardb@amazonaws.com,Female,5586.38
Simone,Emilien,semilienc@zdnet.com,Male,5031.49
Deerdre,Knight,dknightd@geocities.jp,Female,3207.48
Stevana,Scrace,sscracee@geocities.jp,Female,3857.24
Andre,Whitney,awhitneyf@answers.com,Male,4806.91
Rorke,Woodland,rwoodlandg@npr.org,Male,6137.60
Douglass,Niess,dniessh@bing.com,Male,6913.18
Teri,Bentjens,,Female,4348.08
Kermy,Agiolfinger,kagiolfingerj@cocolog-nifty.com,Male,4088.31
Sondra,Pull,spullk@about.me,Female,4574.74
Laurens,Shankland,lshanklandl@dmoz.org,Male,5552.79
Willi,Jack,wjackm@newsvine.com,Male,5308.72
Charlot,Wort,cwortn@yale.edu,Female,5474.46
Tabby,Dawton,tdawtono@hubpages.com,Male,3035.89
Tuck,Beade,tbeadep@statcounter.com,Male,5267.54
Iver,Le Barr,ilebarrq@senate.gov,Male,5371.68
Giovanna,Astall,gastallr@mit.edu,Female,4121.55
Veriee,Ferrierio,vferrierios@ted.com,Female,
Sayer,Byrne,sbyrnet@scientificamerican.com,Male,3387.13
Brent,Gillingwater,bgillingwateru@sina.com.cn,Male,5245.47
Alon,Andryushchenko,aandryushchenkov@bloglines.com,Male,4151.39
Carlos,Clubley,cclubleyw@prnewswire.com,Male,4284.16
Boone,,bvanyashkinx@statcounter.com,Male,5540.02
Kaleb,Tawton,ktawtony@parallels.com,Male,6653.00
Gisele,Messham,gmesshamz@purevolume.com,Female,6450.74
Bale,Earp,bearp10@bbc.co.uk,Male,3854.54
Lucille,Norcutt,lnorcutt11@stanford.edu,Female,3220.50
Gus,Kaspar,gkaspar12@bandcamp.com,Female,4817.72
Theadora,,tvaugham13@zdnet.com,Female,4191.30
Humberto,Torres,htorres14@blogs.com,Male,5971.89
Margot,Faccini,mfaccini15@bluehost.com,Female,6816.44
Ole,Burbudge,oburbudge16@chicagotribune.com,Male,3992.34
Richard,Gobat,,Male,3766.12
Nani,Huntall,nhuntall18@infoseek.co.jp,Female,3822.89
Rochette,Huskinson,rhuskinson19@scientificamerican.com,Female,5658.25
Marcie,Ardron,mardron1a@webs.com,Female,5553.47
Kaine,Marple,kmarple1b@youtube.com,Male,3531.80
Jourdain,Downgate,,Male,5617.57
Shurlock,Fallanche,sfallanche1d@rediff.com,Male,5623.94
Phil,Grabeham,pgrabeham1e@nasa.gov,Female,5262.48
Orland,Domingues,odomingues1f@boston.com,Male,
Wilmer,,wvesque1g@webmd.com,Male,4371.94
Peggi,Wakley,pwakley1h@fotki.com,Female,4235.82
Brendis,Sowerby,bsowerby1i@yellowbook.com,Male,3134.01
Boycey,Pedrozzi,bpedrozzi1j@howstuffworks.com,Male,5680.37
Melva,Calafato,mcalafato1k@arizona.edu,Female,6831.43
Ulrich,Bestman,ubestman1l@qq.com,Male,6113.86
Ginger,Gudd,ggudd1m@state.gov,Female,6735.21
Maurizia,Kinker,mkinker1n@statcounter.com,Female,3222.42
Tucky,Duffitt,tduffitt1o@51.la,Male,5301.28
Dar,Louca,dlouca1p@sun.com,Male,6837.64
Lothaire,Baughen,lbaughen1q@google.ca,Male,6793.99
Consolata,Goudy,cgoudy1r@canalblog.com,Female,3340.58
Ardeen,Andrysek,aandrysek1s@xrea.com,Female,5914.59
Kristo,D'Agostini,kdagostini1t@japanpost.jp,Male,4910.38
Yvonne,Bunney,ybunney1u@hugedomains.com,Female,3949.18
Delcina,Ashplant,dashplant1v@purevolume.com,Female,
Anni,Auchterlonie,aauchterlonie1w@ocn.ne.jp,Female,4721.59
Ethan,Mulvany,emulvany1x@de.vu,Male,
Darrell,Runciman,drunciman1y@cocolog-nifty.com,Male,4359.34
Darrel,Vedyasov,dvedyasov1z@flavors.me,Male,3974.72
Vikky,Paulson,vpaulson20@wikispaces.com,Female,5170.65
Wendy,Yorke,wyorke21@ted.com,Female,4978.32
Corbie,Onele,conele22@nps.gov,Male,3953.90
Basilio,Sottell,bsottell23@nba.com,Male,5542.14
Judon,Talbot,jtalbot24@g.co,Male,3329.69
Leonardo,Trundler,ltrundler25@google.com.br,Male,3446.00
Langston,Ingry,lingry26@auda.org.au,Male,6492.02
Gilly,Feldman,gfeldman27@netlog.com,Female,6698.36
Dov,Treves,dtreves28@moonfruit.com,Male,4522.03
Araldo,Arnke,aarnke29@dion.ne.jp,Male,3625.59
Augy,Dugue,adugue2a@last.fm,Male,
Luelle,Laddle,lladdle2b@artisteer.com,Female,5616.35
Henry,Gofforth,hgofforth2c@opera.com,Male,6086.18
Abran,Sturges,asturges2d@ehow.com,Male,4747.21
Giles,Munning,gmunning2e@tinypic.com,Male,6941.98
Sal,Abbison,,Male,4982.89
Gib,Tchaikovsky,gtchaikovsky2g@hubpages.com,Male,3927.44
Raychel,Hamblin,rhamblin2h@github.com,Female,5862.96
Alexi,Parffrey,aparffrey2i@businessinsider.com,Female,4754.49
Winona,Faley,wfaley2j@webmd.com,Female,5642.65
Quint,,qextill2k@blogger.com,Male,4071.11
Carney,Winterson,cwinterson2l@patch.com,Male,5645.97
Kissiah,Frankcomb,kfrankcomb2m@berkeley.edu,Female,4206.09
Amargo,Bereford,abereford2n@pen.io,Female,4273.07
Emilie,Garbar,egarbar2o@seattletimes.com,Female,5798.55
Frankie,Tippell,ftippell2p@phpbb.com,Female,5762.60
Aubrey,Antoniazzi,aantoniazzi2q@deviantart.com,Male,
Garrett,Southorn,gsouthorn2r@stanford.edu,Male,5370.18
Kile,Scarlan,kscarlan2s@sourceforge.net,Male,4034.81
Pierette,Smalley,psmalley2t@europa.eu,Female,3578.08
Staci,Tithacott,stithacott2u@tinyurl.com,Female,3286.18
Evelin,Lazonby,elazonby2v@issuu.com,Male,6743.10
Marin,Wingrove,mwingrove2w@printfriendly.com,Female,5941.37
Franklin,Degoy,fdegoy2x@springer.com,Male,5369.82
Perle,Sims,psims2y@hao123.com,Female,6632.92
Worden,Barribal,wbarribal2z@msu.edu,Male,4084.69
Augustina,Bartholat,abartholat30@joomla.org,Female,4386.16
Clea,Sammon,csammon31@prlog.org,Female,5787.52
Yvor,Mabley,ymabley32@squarespace.com,Male,6326.41
Adda,Kayley,akayley33@indiegogo.com,Female,4444.81
Iseabal,Teaz,iteaz34@msn.com,Female,3750.92
Archibaldo,Roussell,aroussell35@addthis.com,Male,5924.31
Thaddus,Causbey,,Male,6268.02
Edee,Corsham,ecorsham37@si.edu,Female,5951.88
Russell,Petrolli,rpetrolli38@tiny.cc,Male,3751.04
Morganica,Angear,mangear39@typepad.com,Female,6645.66
Marinna,Heister,mheister3a@nih.gov,Female,5381.83
Ebba,Leythley,eleythley3b@live.com,Female,3016.98
Jon,Oganesian,joganesian3c@salon.com,Male,5907.03
Harmon,Faulder,hfaulder3d@examiner.com,Male,4851.03
Natala,Filipychev,nfilipychev3e@jugem.jp,Female,5140.14
Free,Cantle,fcantle3f@amazon.co.jp,Male,4335.79
Sancho,Ellwell,sellwell3g@unesco.org,Male,6101.12
Brose,Cassedy,bcassedy3h@merriam-webster.com,Male,5197.03
Judd,Lewsie,jlewsie3i@edublogs.org,Male,6909.57
Malina,Bister,mbister3j@yahoo.com,Female,6785.63
Juieta,Wixey,jwixey3k@example.com,Female,6983.89
Rebeka,Britian,rbritian3l@google.co.uk,Female,3733.62
Goldina,Plan,gplan3m@dedecms.com,Female,3900.81
Egbert,Chatband,echatband3n@wiley.com,Male,4605.59
Britte,Packe,bpacke3o@blogspot.com,Female,5949.26
Ottilie,McGooch,omcgooch3p@cafepress.com,Female,3167.64
Tully,Byrne,tbyrne3q@goo.gl,Male,3870.11
Maury,Tregidgo,mtregidgo3r@globo.com,Male,6806.12
Zebedee,Guinnane,zguinnane3s@harvard.edu,Male,3212.95
Elana,Haster,ehaster3t@parallels.com,Female,6168.63
Fabe,Moseby,fmoseby3u@bizjournals.com,Male,4767.26
Lezley,Vedekhin,lvedekhin3v@chron.com,Male,5956.67
Rona,Faunt,rfaunt3w@bigcartel.com,Female,4101.43
Lockwood,Moncreiffe,lmoncreiffe3x@ehow.com,Male,4211.97
Rurik,,rcowell3y@globo.com,Male,4378.63
Katheryn,Willoughey,kwilloughey3z@seattletimes.com,Female,3353.20
Fulvia,Blinder,fblinder40@digg.com,Female,4909.28
Kellyann,Sacker,ksacker41@guardian.co.uk,Female,5117.08
Ric,Pankettman,rpankettman42@webs.com,Male,3189.88
Fawne,Mitchall,fmitchall43@uol.com.br,Female,
Brittany,Durie,bdurie44@clickbank.net,Female,3438.70
Jaimie,Lusted,jlusted45@marriott.com,Male,3493.91
Davon,Hillaby,dhillaby46@istockphoto.com,Male,5146.30
Zandra,Alwin,zalwin47@addtoany.com,Female,3606.03
Bjorn,Runchman,brunchman48@de.vu,Male,3150.66
Megen,Gerrard,mgerrard49@github.com,Female,3103.21
Merrel,Le Brun,,Male,3346.78
Meredithe,Petrello,mpetrello4b@merriam-webster.com,Female,3842.42
Susette,Ivison,sivison4c@nyu.edu,Female,3076.78
Austine,Silvers,asilvers4d@cnn.com,Female,3725.95
Roch,Adami,radami4e@theatlantic.com,Female,4661.74
Rancell,Halwood,rhalwood4f@amazon.co.uk,Male,3947.78
Chauncey,Melladew,cmelladew4g@123-reg.co.uk,Male,5583.60
Audra,Parham,aparham4h@cpanel.net,Female,3419.98
Cosme,Howship,chowship4i@delicious.com,Male,6774.73
Abby,Iorizzo,aiorizzo4j@arizona.edu,Female,4616.30
Caro,Ticic,cticic4k@gmpg.org,Female,5595.39
Chilton,,ccastagnet4l@bravesites.com,Male,5863.83
Clemente,Shanks,cshanks4m@imdb.com,Male,6616.70
Udell,Rulf,urulf4n@dion.ne.jp,Male,5165.74
Sawyer,Lauxmann,slauxmann4o@youtu.be,Male,6923.48
Doralynne,Cavan,dcavan4p@geocities.com,Female,4051.85
Isabelle,Fright,ifright4q@deliciousdays.com,Female,3268.86
Harri,Pladen,hpladen4r@washingtonpost.com,Female,6454.32
Dannel,Nulty,dnulty4s@patch.com,Male,6845.26
Rica,Reyson,rreyson4t@house.gov,Female,3114.65
Linnie,Vise,lvise4u@t.co,Female,3446.23
Adeline,Leydon,aleydon4v@forbes.com,Female,
Sloan,Caghy,scaghy4w@opensource.org,Male,5317.29
Fanchon,Valenti,fvalenti4x@unicef.org,Female,4037.30
Elita,Dudliston,edudliston4y@dedecms.com,Female,6835.95
Allis,Rayhill,arayhill4z@netvibes.com,Female,6936.52
Jannelle,Mincini,jmincini50@chron.com,Female,3738.42
Mercy,Leaman,mleaman51@goo.ne.jp,Female,5567.86
Griz,Woodbridge,gwoodbridge52@samsung.com,Male,4758.93
Reg,Pyne,rpyne53@livejournal.com,Male,5843.10
Mathe,Edlington,,Male,4562.56
Dorrie,Spandley,dspandley55@pcworld.com,Female,3970.02
Basile,Nudd,bnudd56@nymag.com,Male,3063.18
Cindi,Kellegher,ckellegher57@usa.gov,Female,3978.51
Aeriell,Avrahamy,aavrahamy58@ovh.net,Female,
Borg,Neasham,bneasham59@amazon.co.uk,Male,6869.79
Jackie,Durand,jdurand5a@artisteer.com,Male,3174.62
Torr,Glauber,tglauber5b@economist.com,Male,
Rorke,Bradnum,rbradnum5c@npr.org,Male,5631.18
Avrit,Iannuzzi,aiannuzzi5d@wp.com,Female,6852.52
Alair,Tinker,atinker5e@cmu.edu,Male,4241.23
Hazlett,Castellino,hcastellino5f@prnewswire.com,Male,4293.24
Den,Quaif,dquaif5g@blinklist.com,Male,5888.34
Cariotta,Dunkinson,cdunkinson5h@printfriendly.com,Female,4075.20
Stephanie,Vasichev,svasichev5i@slashdot.org,Female,6148.60
Hurlee,Betchley,hbetchley5j@wsj.com,Male,3111.19
Gilles,Lattka,glattka5k@vinaora.com,Male,
Konstantin,Mielnik,kmielnik5l@flickr.com,Male,4695.34
Carleton,Bartczak,cbartczak5m@geocities.jp,Male,3108.77
Adamo,Cuxon,acuxon5n@freewebs.com,Male,6442.06
Nathaniel,Osban,nosban5o@blogger.com,Male,4165.73
Walt,August,waugust5p@php.net,Male,6499.30
Roxanne,Camier,rcamier5q@biblegateway.com,Female,5525.02
Kristofer,Farquar,kfarquar5r@senate.gov,Male,6430.27
Chico,De Ortega,cdeortega5s@flavors.me,Male,4879.36
Irma,Bridie,ibridie5t@squidoo.com,Female,5327.36
Stephanus,Gillingwater,sgillingwater5u@techcrunch.com,Male,
Nicki,Cudiff,ncudiff5v@mozilla.org,Female,6632.06
Artur,Faulkner,afaulkner5w@auda.org.au,Male,3297.90
Melisande,Huygens,mhuygens5x@barnesandnoble.com,Female,5564.77
Vinita,Adamson,vadamson5y@vk.com,Female,5579.23
Sancho,Griffe,sgriffe5z@europa.eu,Male,4558.91
Rodger,Bennoe,rbennoe60@joomla.org,Male,5630.15
Hewitt,Stoffers,hstoffers61@arizona.edu,Male,4855.97
Tedi,Heynel,theynel62@phpbb.com,Female,3582.75
Anya,,amitcheson63@answers.com,Female,5379.25
Gabi,Briand,gbriand64@canalblog.com,Female,5792.12
Herb,Orchard,horchard65@storify.com,Male,3627.20
Karee,Hurdedge,khurdedge66@bloglines.com,Female,6188.80
Jervis,Masarrat,jmasarrat67@msu.edu,Male,3585.72
Cally,Ganford,cganford68@mapy.cz,Female,3845.23
Dario,Deplacido,ddeplacido69@unc.edu,Male,
Hunt,Castan,hcastan6a@weebly.com,Male,3033.74
Isabelle,Terram,iterram6b@unesco.org,Female,4249.92
Linette,Tyreman,ltyreman6c@google.com.br,Female,4892.02
Berna,Henke,bhenke6d@businessinsider.com,Female,5518.64
Lemmie,Bowller,lbowller6e@altervista.org,Male,4370.09
Vale,Port,vport6f@harvard.edu,Male,5350.20
Ethel,Tulloch,etulloch6g@chron.com,Female,5377.78
Anett,Joontjes,ajoontjes6h@businessweek.com,Female,3901.92
Reeba,Liverseege,rliverseege6i@house.gov,Female,3138.66
Dalston,Dignum,ddignum6j@ebay.com,Male,3519.41
Damien,Helliar,dhelliar6k@deliciousdays.com,Male,3753.32
Joelly,Curdell,jcurdell6l@google.com.br,Female,5269.99
Ariana,Cockin,acockin6m@google.de,Female,6060.19
Agnes,Peerless,apeerless6n@furl.net,Female,3559.71
Marie,Oakshott,moakshott6o@cloudflare.com,Female,4165.51
Ewart,Restieaux,erestieaux6p@vimeo.com,Male,4248.26
Fonzie,Phillis,fphillis6q@zdnet.com,Male,6883.78
Terese,Sweetsur,tsweetsur6r@blogspot.com,Female,4760.03
Salvidor,Howat,showat6s@networkadvertising.org,Male,3380.64
Delaney,Fronzek,dfronzek6t@uiuc.edu,Male,5526.99
Boyce,Foskin,bfoskin6u@mediafire.com,Male,
Charin,Shellum,,Female,6335.06
Bernarr,Jahns,bjahns6w@storify.com,Male,5692.74
Catie,Hiddy,chiddy6x@miitbeian.gov.cn,Female,5064.22
Natal,McKirdy,nmckirdy6y@state.gov,Male,4568.76
Richard,Clem,rclem6z@so-net.ne.jp,Male,4100.83
Tarah,Haddinton,thaddinton70@cbslocal.com,Female,4933.98
Massimiliano,O'Beirne,mobeirne71@wix.com,Male,3975.77
Celeste,Adam,cadam72@google.co.uk,Female,
Verge,Aldersey,valdersey73@issuu.com,Male,4657.90
Adria,Jardin,ajardin74@studiopress.com,Female,6243.99
Brent,Coils,bcoils75@ox.ac.uk,Male,4130.45
Vidovic,Armatidge,varmatidge76@hp.com,Male,3950.14
Elena,Farragher,efarragher77@stumbleupon.com,Female,3229.22
Randi,Vasquez,rvasquez78@hibu.com,Male,6952.35
Richmound,Colthard,rcolthard79@webeden.co.uk,Male,6484.27
Lyndsay,Hadingham,lhadingham7a@skyrock.com,Female,6458.33
Gustaf,Steffens,gsteffens7b@trellian.com,Male,6441.94
Sergei,Devenport,sdevenport7c@yale.edu,Male,5680.75
Wilma,Houseman,whouseman7d@google.ca,Female,3092.63
Dicky,Adolfsen,dadolfsen7e@biblegateway.com,Male,3971.03
Ty,Jedrzaszkiewicz,tjedrzaszkiewicz7f@patch.com,Male,3172.21
Max,Summerrell,msummerrell7g@elpais.com,Female,6683.32
Catherine,,cmacnockater7h@china.com.cn,Female,3964.03
Donaugh,Francombe,,Male,4132.39
Hillier,Petasch,hpetasch7j@printfriendly.com,Male,3477.48
Nikki,Orred,norred7k@google.cn,Male,5853.90
Ram,Drivers,rdrivers7l@cmu.edu,Male,3887.04
Ruddy,Postle,rpostle7m@wufoo.com,Male,3060.34
Upton,Tythe,utythe7n@hubpages.com,Male,6695.66
Dede,Knutsen,dknutsen7o@wikia.com,Female,3036.66
Drucy,Sokell,dsokell7p@npr.org,Female,3434.49
Nils,Blackett,nblackett7q@smugmug.com,Male,4461.57
Marty,Lowdes,mlowdes7r@google.es,Male,6238.12
Edythe,Molohan,emolohan7s@chronoengine.com,Female,5870.69
Dita,Aimeric,daimeric7t@technorati.com,Female,5979.04
Chase,McSorley,cmcsorley7u@imageshack.us,Male,4790.15
Catina,Felton,cfelton7v@fema.gov,Female,3544.13
Gerrilee,Edgcombe,gedgcombe7w@over-blog.com,Female,4730.13
Clemente,Ireland,cireland7x@simplemachines.org,Male,6753.42
Cleopatra,Palfreeman,cpalfreeman7y@aol.com,Female,4436.09
Lyle,Swanston,lswanston7z@istockphoto.com,Male,4420.62
Urson,Gherardi,ugherardi80@whitehouse.gov,Male,5377.36
Lorrin,Extance,lextance81@tuttocitta.it,Female,6144.06
Silas,Binion,sbinion82@last.fm,Male,5405.81
Clareta,Scadding,cscadding83@mediafire.com,Female,6849.91
Anabella,Krolak,akrolak84@histats.com,Female,3059.38
Maryann,Eakle,meakle85@friendfeed.com,Female,6970.84
Valentijn,Persent,vpersent86@cbsnews.com,Male,4930.70
Ellerey,Glenfield,eglenfield87@hostgator.com,Male,6399.65
Enid,Gateman,egateman88@blog.com,Female,3519.16
Deb,Kubanek,dkubanek89@bluehost.com,Female,4439.72
Myrtle,Hallyburton,mhallyburton8a@hatena.ne.jp,Female,6259.75
Hoyt,Hooks,hhooks8b@trellian.com,Male,3279.19
Judie,Hurburt,jhurburt8c@exblog.jp,Female,4958.04
Pattin,Stratz,pstratz8d@army.mil,Male,5947.21
Ferrel,Lardnar,flardnar8e@taobao.com,Male,3387.96
Nedi,Planke,nplanke8f@buzzfeed.com,Female,4663.54
Annabell,Father,afather8g@auda.org.au,Female,3785.97
Cazzie,Haseman,chaseman8h@vkontakte.ru,Male,3314.13
Bryn,Klousner,bklousner8i@blogtalkradio.com,Male,4350.91
Angela,Melbert,amelbert8j@cisco.com,Female,3443.45
Ermina,Sille,esille8k@weather.com,Female,6647.36
Sacha,Riteley,sriteley8l@stanford.edu,Female,6451.62
Amity,Wesley,awesley8m@clickbank.net,Female,4038.74
Ilene,Bruckshaw,ibruckshaw8n@canalblog.com,Female,5889.97
Winona,Sandys,wsandys8o@dyndns.org,Female,5306.70
Georgeanna,Nunson,gnunson8p@washington.edu,Female,3729.80
Rad,Nias,rnias8q@printfriendly.com,Male,6120.54
Nannette,Feehily,nfeehily8r@alexa.com,Female,3272.46
Loise,Markwick,lmarkwick8s@oaic.gov.au,Female,4988.95
Ettie,Schwieso,eschwieso8t@diigo.com,Female,5532.00
Carmel,Whiley,cwhiley8u@cnbc.com,Female,6517.65
Alleen,Stigell,astigell8v@ucsd.edu,Female,5197.73
Carine,Melia,cmelia8w@yale.edu,Female,
Elvyn,Tourry,etourry8x@newyorker.com,Male,4559.18
Betta,Simison,bsimison8y@mozilla.org,Female,6267.76
Vitoria,Whaley,vwhaley8z@weather.com,Female,5997.71
Cassie,Odcroft,codcroft90@utexas.edu,Female,
Garreth,Macklin,gmacklin91@google.it,Male,5712.52
Rey,Barthod,rbarthod92@gmpg.org,Female,6529.36
Patrizius,Van Ross,pvanross93@earthlink.net,Male,3397.11
Jillane,Loughlin,jloughlin94@list-manage.com,Female,5694.94
Oswell,McKillop,omckillop95@scribd.com,Male,5342.26
Ruddy,Seager,rseager96@dion.ne.jp,Male,6714.89
Mortimer,Howles,mhowles97@xrea.com,Male,4193.61
Roanne,Bolt,rbolt98@dell.com,Female,4191.61
Alix,Edgeson,aedgeson99@typepad.com,Male,4229.15
Bondy,Dunk,,Male,6410.66
Zak,Kauble,zkauble9b@ucsd.edu,Male,5288.26
Joelynn,Brownell,jbrownell9c@cyberchimps.com,Female,6396.70
Annalee,Cordner,acordner9d@sourceforge.net,Female,4109.69
Flossie,Feldharker,ffeldharker9e@yahoo.com,Female,6078.30
Emelyne,Hardaway,ehardaway9f@indiegogo.com,Female,5239.50
Jasmina,Roset,jroset9g@redcross.org,Female,3750.77
Evelina,Crysell,ecrysell9h@google.nl,Female,6550.32
Annmarie,Lymer,,Female,5778.67
Ivar,Cropper,icropper9j@domainmarket.com,Male,3211.11
Parke,Dando,pdando9k@symantec.com,Male,5031.71
Abby,Heinke,aheinke9l@tumblr.com,Male,5976.18
Hilliard,Parminter,,Male,4355.77
Lulu,Marsters,lmarsters9n@vimeo.com,Female,5891.94
Lila,Hathway,lhathway9o@blog.com,Female,
Kane,Cullingford,kcullingford9p@shop-pro.jp,Male,3278.87
Duff,Feander,dfeander9q@lycos.com,Male,5481.73
Morlee,Obert,mobert9r@dmoz.org,Male,3333.88
Elyn,Ventris,eventris9s@wunderground.com,Female,6885.92
Lemmie,Jacobsohn,ljacobsohn9t@kickstarter.com,Male,
Frederigo,Lube,flube9u@blog.com,Male,6383.08
Dolph,Jaksic,,Male,3073.07
Ezri,Augar,eaugar9w@prlog.org,Male,3900.30
Wash,Edward,wedward9x@hao123.com,Male,5320.07
Kiley,Bousquet,kbousquet9y@ucla.edu,Female,4269.39
Ardis,Braybrookes,abraybrookes9z@skyrock.com,Female,5801.39
Kirby,Baudains,kbaudainsa0@omniture.com,Male,6442.77
Arri,Gilbride,agilbridea1@narod.ru,Male,3000.02
Rourke,Villaron,rvillarona2@alexa.com,Male,4466.46
Dermot,Slight,dslighta3@over-blog.com,Male,6510.21
Liam,Halbard,lhalbarda4@desdev.cn,Male,5606.54
Darleen,Tantum,dtantuma5@opera.com,Female,3996.39
Mitch,Gecke,mgeckea6@gov.uk,Male,5469.44
Hershel,Copestick,hcopesticka7@mac.com,Male,6077.44
Aila,De Marchi,ademarchia8@gov.uk,Female,5342.08
Belvia,Walthall,bwalthalla9@youtu.be,Female,5321.26
Georgie,Yarker,gyarkeraa@bloglines.com,Female,4275.03
Josh,Varden,jvardenab@harvard.edu,Male,3807.86
Gareth,Trippick,gtrippickac@icq.com,Male,6942.60
Wayne,Verity,wverityad@cisco.com,Male,5402.64
Carney,Geake,cgeakeae@java.com,Male,4131.78
Guilbert,,gdunridgeaf@squidoo.com,Male,
Cass,Galway,cgalwayag@hp.com,Female,5711.75
Amandi,Goodge,agoodgeah@guardian.co.uk,Female,6514.90
Alyss,Steward,astewardai@usnews.com,Female,5072.55
Callean,Rehor,crehoraj@about.me,Male,4875.80
Jasper,Arson,jarsonak@arstechnica.com,Male,5661.25
Jacqui,Glanister,jglanisteral@de.vu,Female,6679.38
Ado,Lifsey,alifseyam@cbslocal.com,Male,4241.45
Ina,Gulliford,igullifordan@washingtonpost.com,Female,
Dianne,Diack,ddiackao@statcounter.com,Female,4118.82
Winslow,Goodwin,wgoodwinap@t.co,Male,
Fergus,Arnaudon,farnaudonaq@fotki.com,Male,6026.29
Jehanna,Tinner,jtinnerar@theguardian.com,Female,
Maury,Ambrosio,mambrosioas@tripadvisor.com,Male,5761.08
Lizabeth,MacMaster,lmacmasterat@mashable.com,Female,4709.76
Reynard,Lundon,rlundonau@google.cn,Male,6187.78
Maura,Ewbanke,mewbankeav@wufoo.com,Female,3239.93
Ethe,Tomasi,etomasiaw@weebly.com,Male,5450.01
Zelma,De Laci,zdelaciax@csmonitor.com,Female,4066.46
Agnesse,Baribal,abaribalay@istockphoto.com,Female,4685.34
Marlow,Thairs,mthairsaz@dedecms.com,Male,4421.49
Ara,Forrest,aforrestb0@state.gov,Female,3512.00
Adolpho,Belch,abelchb1@sitemeter.com,Male,6844.03
Dru,Daouze,ddaouzeb2@bandcamp.com,Female,3184.57
Jack,Landa,jlandab3@aboutads.info,Male,5394.03
Egon,Witchell,ewitchellb4@studiopress.com,Male,4503.31
Pierrette,McNair,pmcnairb5@free.fr,Female,6732.37
Jermayne,Innman,jinnmanb6@liveinternet.ru,Male,3451.86
Katine,Beranek,kberanekb7@canalblog.com,Female,6422.23
Trip,Greenslade,tgreensladeb8@rambler.ru,Male,5235.14
Olimpia,Creelman,ocreelmanb9@gnu.org,Female,4538.07
Milt,Antonopoulos,mantonopoulosba@360.cn,Male,6521.91
Flor,Gontier,fgontierbb@upenn.edu,Female,5152.35
Mervin,Benian,mbenianbc@uiuc.edu,Male,4502.06
Alissa,Kattenhorn,akattenhornbd@blogs.com,Female,
Stevy,Jeayes,sjeayesbe@who.int,Male,
Salmon,Sitwell,ssitwellbf@bizjournals.com,Male,3032.60
Cody,Tison,ctisonbg@opera.com,Female,
Susy,French,sfrenchbh@biglobe.ne.jp,Female,6977.15
Lorelei,Grimster,lgrimsterbi@istockphoto.com,Female,3699.11
Dorrie,Richold,dricholdbj@usda.gov,Female,4050.85
Alexi,Neads,aneadsbk@tiny.cc,Female,4514.90
Johnna,Wheble,jwheblebl@webeden.co.uk,Female,6436.60
Avril,Maidlow,amaidlowbm@nature.com,Female,5246.41
Ettie,Gavriel,egavrielbn@adobe.com,Female,4544.71
Luciano,Nussen,lnussenbo@pen.io,Male,5875.76
Aylmar,Indruch,aindruchbp@technorati.com,Male,6381.91
Melonie,Millar,mmillarbq@vimeo.com,Female,3464.96
Loria,Dachey,ldacheybr@qq.com,Female,5074.56
Verge,,vsleighbs@google.co.jp,Male,4133.36
Xenos,Joao,xjoaobt@army.mil,Male,3375.71
Kimberlee,Castiello,kcastiellobu@tinyurl.com,Female,6409.08
Adam,Paulat,apaulatbv@netscape.com,Male,5445.34
Brnaba,Imason,bimasonbw@goo.ne.jp,Male,3534.48
L;urette,Culverhouse,lculverhousebx@addtoany.com,Female,3350.00
Eliot,Navaro,enavaroby@upenn.edu,Male,6883.42
Giulietta,Farlambe,gfarlambebz@ft.com,Female,5603.84
Mathilde,Harle,mharlec0@163.com,Female,5421.07
Ashlee,Richardsson,arichardssonc1@cam.ac.uk,Female,3504.43
Imogen,Elphinston,ielphinstonc2@i2i.jp,Female,3045.79
Damara,Widdop,dwiddopc3@nhs.uk,Female,3189.94
Rodie,Pixton,rpixtonc4@aboutads.info,Female,5177.87
Merrie,Wartnaby,mwartnabyc5@tinyurl.com,Female,6513.31
Blakeley,Thaxter,bthaxterc6@histats.com,Female,4116.88
Stanislas,Clemendet,sclemendetc7@creativecommons.org,Male,6970.76
Brendan,Smithend,bsmithendc8@hubpages.com,Male,4843.69
Valma,Wickendon,vwickendonc9@thetimes.co.uk,Female,6790.22
Mickie,Tarney,,Female,5812.02
Emyle,Udale,eudalecb@vinaora.com,Female,3392.53
Kellie,Urrey,kurreycc@irs.gov,Female,3863.90
Mallory,Annatt,mannattcd@delicious.com,Female,4146.81
Kingston,Backshall,kbackshallce@1688.com,Male,4549.64
Howie,Ramsdell,hramsdellcf@eepurl.com,Male,4724.46
Lu,d' Eye,ldeyecg@privacy.gov.au,Female,4607.09
Trudi,Beeres,tbeeresch@edublogs.org,Female,4399.66
Darcy,Callaby,dcallabyci@phpbb.com,Male,
Curran,Coomer,ccoomercj@multiply.com,Male,
Melania,Harlow,mharlowck@ox.ac.uk,Female,3181.22
Burt,Pirdue,bpirduecl@soundcloud.com,Male,6714.24
Obediah,Hugli,ohuglicm@canalblog.com,Male,4063.65
Jock,De Vaux,jdevauxcn@myspace.com,Male,6780.99
Stanfield,Midner,smidnerco@behance.net,Male,3109.03
Tyrone,Rawnsley,trawnsleycp@joomla.org,Male,6531.19
Bendick,McCudden,bmccuddencq@columbia.edu,Male,6814.84
Rosemaria,Clarycott,rclarycottcr@earthlink.net,Female,3766.33
Torrance,Louth,tlouthcs@huffingtonpost.com,Male,5377.39
Walliw,Coultar,wcoultarct@pagesperso-orange.fr,Female,5112.36
Jade,Shireff,jshireffcu@g.co,Female,4205.02
Tobey,Chew,tchewcv@google.cn,Female,4834.66
Cherie,Chatterton,cchattertoncw@pagesperso-orange.fr,Female,6411.05
Ranique,Earsman,rearsmancx@altervista.org,Female,4036.21
Tabbie,Hymor,thymorcy@elegantthemes.com,Male,5454.96
Trstram,Mackie,tmackiecz@addtoany.com,Male,3331.36
Tori,Kamiyama,tkamiyamad0@hibu.com,Female,4560.80
Annabella,Fancy,afancyd1@google.nl,Female,6283.20
Silvio,Purslow,,Male,6433.13
Lenci,Colson,lcolsond3@soundcloud.com,Male,5015.47
Wilton,Pawlowicz,wpawlowiczd4@economist.com,Male,3166.70
Daune,Nilles,dnillesd5@yolasite.com,Female,3269.07
Curt,Summerscales,csummerscalesd6@timesonline.co.uk,Male,5924.81
Scotti,Faichney,sfaichneyd7@qq.com,Male,5384.56
Nanni,Lambert,nlambertd8@google.it,Female,6081.62
Bondon,Etuck,betuckd9@disqus.com,Male,5139.46
Lucina,Dunbavin,ldunbavinda@cisco.com,Female,4934.32
Banky,Schwandt,bschwandtdb@bluehost.com,Male,4312.31
Jeannie,Dunnico,jdunnicodc@printfriendly.com,Female,3780.21
Innis,Crannell,icrannelldd@cnbc.com,Male,5872.59
Morley,Yggo,myggode@bing.com,Male,4280.38
Olly,Douthwaite,odouthwaitedf@jiathis.com,Male,4087.11
Gabby,Gales,ggalesdg@symantec.com,Male,6347.73
Julita,Hutson,jhutsondh@skype.com,Female,4233.41
Alec,Cattroll,acattrolldi@yahoo.co.jp,Male,4550.44
Vally,Bruntjen,vbruntjendj@goo.ne.jp,Female,5887.47
Forbes,Pearn,fpearndk@ox.ac.uk,Male,3358.68
Alberto,Cawthron,acawthrondl@apache.org,Male,5925.06
Desmond,Cardello,dcardellodm@yahoo.co.jp,Male,3582.02
Abrahan,Dodshon,adodshondn@a8.net,Male,3159.14
Damara,Gormally,dgormallydo@latimes.com,Female,
Anallese,Abramowitz,aabramowitzdp@unblog.fr,Female,4407.97
Amelita,Graber,agraberdq@nps.gov,Female,3929.85
Ninette,Vasic,nvasicdr@guardian.co.uk,Female,3877.11
Griff,Flatt,gflattds@cmu.edu,Male,6209.11
Portie,Dunsmore,pdunsmoredt@imgur.com,Male,6865.89
Ogdon,Adamec,oadamecdu@marketwatch.com,Male,4695.89
Marten,Cadney,mcadneydv@youku.com,Male,5722.25
Diego,MacIlhagga,dmacilhaggadw@rediff.com,Male,5391.87
Wyatt,Wildsmith,wwildsmithdx@quantcast.com,Male,6144.81
Horatius,Titta,htittady@noaa.gov,Male,6210.63
Kin,Nafziger,knafzigerdz@123-reg.co.uk,Male,4849.47
Randell,Denniston,rdennistone0@pagesperso-orange.fr,Male,5147.70
Sol,Fieldsend,,Male,6192.28
Brewer,O'Scandall,boscandalle2@netlog.com,Male,6366.20
Dorrie,Pidduck,dpidducke3@mlb.com,Female,6554.74
Donalt,Emmanueli,demmanuelie4@e-recht24.de,Male,3276.38
Ennis,Shatliffe,eshatliffee5@joomla.org,Male,5437.31
Pancho,Riddiough,priddioughe6@hp.com,Male,6403.99
Denys,Blackeby,dblackebye7@unesco.org,Male,4418.21
Melisande,Teasey,mteaseye8@imdb.com,Female,4811.00
Rudolph,Eadington,readingtone9@blogtalkradio.com,Male,3357.44
Crawford,Wesley,cwesleyea@canalblog.com,Male,3963.29
Culley,Iwanowicz,,Male,3660.80
Ellis,Billborough,ebillboroughec@huffingtonpost.com,Male,4503.47
Josiah,Gilbee,jgilbeeed@oakley.com,Male,3232.54
Cindee,Lief,cliefee@prnewswire.com,Female,4172.29
Joscelin,Grichukhanov,jgrichukhanovef@howstuffworks.com,Female,3810.73
Quill,Tabourin,qtabourineg@sciencedirect.com,Male,6584.79
Kalie,Boodle,kboodleeh@gizmodo.com,Female,3839.86
Noelyn,Eckart,neckartei@wikispaces.com,Female,4433.70
Ethelbert,Marthen,emarthenej@123-reg.co.uk,Male,5226.26
Suzanna,Kneafsey,skneafseyek@purevolume.com,Female,5930.37
Yalonda,,ycouvesel@dailymotion.com,Female,3053.76
Sascha,Dorsey,sdorseyem@sogou.com,Female,6033.65
Thalia,Purle,tpurleen@redcross.org,Female,
Vail,,vbagenaleo@bbc.co.uk,Male,5127.87
Minor,Simioni,msimioniep@archive.org,Male,3670.17
Latrina,Brooksbank,lbrooksbankeq@deviantart.com,Female,6806.89
Donal,Lardeux,dlardeuxer@barnesandnoble.com,Male,3230.11
Mel,Gorthy,mgorthyes@meetup.com,Female,3550.76
Jen,Rubel,jrubelet@ft.com,Female,4712.26
Brigitte,O'Shields,boshieldseu@hatena.ne.jp,Female,6793.44
Sutton,Dagnan,sdagnanev@51.la,Male,3409.64
Torey,Voaden,tvoadenew@sitemeter.com,Female,4048.09
Andriette,Meneur,ameneurex@un.org,Female,6273.05
Corbett,Tolwood,ctolwoodey@cisco.com,Male,3257.97
Neely,Owers,nowersez@angelfire.com,Female,6319.87
Gerald,Ewenson,gewensonf0@com.com,Male,5274.50
Allin,Bartosiak,abartosiakf1@4shared.com,Male,5190.02
Melisse,Byard,mbyardf2@aboutads.info,Female,6636.36
Stillman,Prew,sprewf3@berkeley.edu,Male,4173.09
Sherill,Blaszczak,sblaszczakf4@edublogs.org,Female,3293.14
Arnuad,Carpenter,acarpenterf5@kickstarter.com,Male,5498.82
Jemmie,Weatherby,jweatherbyf6@printfriendly.com,Female,4758.74
Pearce,Ughetti,pughettif7@mashable.com,Male,3950.61
Glynda,Heaney`,gheaneyf8@360.cn,Female,3436.97
Talbot,Piddock,tpiddockf9@flavors.me,Male,4029.02
Tish,Hankinson,thankinsonfa@google.cn,Female,4902.53
Dorrie,Zecchinii,dzecchiniifb@youtube.com,Female,3897.21
Jenni,Baggally,jbaggallyfc@yandex.ru,Female,3548.38
Carny,L'oiseau,cloiseaufd@domainmarket.com,Male,6151.44
Neysa,Skouling,nskoulingfe@hc360.com,Female,3884.64
Christina,Leaf,cleafff@youtu.be,Female,4422.10
Stevena,Peasegod,speasegodfg@opera.com,Female,3050.60
Pete,Autrie,pautriefh@blogs.com,Male,3328.86
Ara,Schoroder,aschoroderfi@sphinn.com,Female,3787.65
Birdie,Huddart,bhuddartfj@pcworld.com,Female,4502.95
Corabel,Applewhaite,capplewhaitefk@hao123.com,Female,4949.75
Boigie,Nardi,bnardifl@ucoz.com,Male,6547.33
Beniamino,Hearle,bhearlefm@ovh.net,Male,6181.69
Moore,Mincher,mmincherfn@macromedia.com,Male,5122.80
Bettye,Corrie,bcorriefo@sciencedirect.com,Female,6325.12
Betteann,,bmurrellfp@timesonline.co.uk,Female,5513.47
Vida,Loughton,vloughtonfq@unesco.org,Female,5320.37
Sydney,Croisdall,scroisdallfr@shop-pro.jp,Female,3086.38
Wake,Stonhouse,wstonhousefs@omniture.com,Male,6375.66
Tomkin,Mottinelli,tmottinellift@blinklist.com,Male,3659.94
Woodman,Bembrick,wbembrickfu@linkedin.com,Male,4512.88
Boycey,O'Boyle,boboylefv@hp.com,Male,3817.66
Worthy,McLaughlin,wmclaughlinfw@qq.com,Male,3333.33
Saree,Hardbattle,shardbattlefx@nymag.com,Female,6754.88
Burt,Cheak,bcheakfy@shinystat.com,Male,6082.76
Carleton,Cheng,cchengfz@spotify.com,Male,6431.66
Gabbie,Gulc,ggulcg0@prnewswire.com,Female,3106.49
Alikee,Delacourt,adelacourtg1@furl.net,Female,4837.78
Sibylle,Estcourt,sestcourtg2@jiathis.com,Female,
Ryon,Vockins,rvockinsg3@list-manage.com,Male,3042.88
Kelbee,Boaler,kboalerg4@boston.com,Male,5317.00
Burg,Guye,bguyeg5@scientificamerican.com,Male,6651.70
Olivero,Minshull,ominshullg6@geocities.jp,Male,4860.61
Quentin,Woloschin,qwolosching7@cam.ac.uk,Female,6585.42
Mil,Rosenbaum,mrosenbaumg8@auda.org.au,Female,4591.38
Hall,Flemmich,hflemmichg9@blogtalkradio.com,Male,3724.52
Chris,Pessler,cpesslerga@amazon.co.uk,Female,3659.37
Nari,De Clairmont,ndeclairmontgb@example.com,Female,5162.73
Ephrayim,Renak,erenakgc@aol.com,Male,5663.94
Tallou,,tmuckartgd@samsung.com,Female,3111.72
Cookie,Hayton,chaytonge@infoseek.co.jp,Female,5099.42
Ettie,Goldsbrough,egoldsbroughgf@t-online.de,Female,3830.41
Yance,Spinke,yspinkegg@telegraph.co.uk,Male,6434.99
Carma,,ckegleygh@indiatimes.com,Female,6549.78
Bradan,Van,bvangi@apple.com,Male,
Miles,Standrin,mstandringj@usda.gov,Male,3759.77
Ellsworth,Callis,ecallisgk@freewebs.com,Male,6680.71
Stephanie,Smaling,ssmalinggl@oracle.com,Female,5323.03
Ingeberg,Whinray,iwhinraygm@printfriendly.com,Female,6503.35
Marina,Newell,mnewellgn@wisc.edu,Female,
Shepard,Staynes,sstaynesgo@umn.edu,Male,6973.08
Jacky,Justis,jjustisgp@example.com,Female,3654.79
Dawn,Carty,dcartygq@discovery.com,Female,3836.60
Cash,Searles,csearlesgr@freewebs.com,Male,3187.44
Olag,Showers,oshowersgs@taobao.com,Male,
Hy,Duchart,hduchartgt@nhs.uk,Male,3668.89
Alyssa,Chettle,achettlegu@woothemes.com,Female,
Kirsten,Winteringham,kwinteringhamgv@deliciousdays.com,Female,4238.97
Andie,Coffey,acoffeygw@mayoclinic.com,Female,3584.57
Randell,Van de Velde,rvandeveldegx@ifeng.com,Male,
Tonia,Amies,tamiesgy@upenn.edu,Female,5912.80
Paquito,Sans,psansgz@zdnet.com,Male,3435.21
Lucias,Grcic,lgrcich0@istockphoto.com,Male,4210.72